{
  "project_info": {
    "project_number": "1060558290492",
    "project_id": "studentportal-ef3b1",
    "storage_bucket": "studentportal-ef3b1.firebasestorage.app"
  },
  "client": [
    {
      "client_info": {
        "mobilesdk_app_id": "1:1060558290492:android:c252ac73200ed9ec340d39",
        "android_client_info": {
          "package_name": "com.example.studentportal"
        }
      },
      "oauth_client": [],
      "api_key": [
        {
          "current_key": "AIzaSyBA9d_0VduPqRLAJfcpDI_DE_nlHZB9oWA"
        }
      ],
      "services": {
        "appinvite_service": {
          "other_platform_oauth_client": []
        }
      }
    }
  ],
  "configuration_version": "1"
}